Workbook

Sheet Read Me
B2: Stock Trading Masterclass — Trading Journal
B3: Paper-trading log built from the graduation criteria in your curriculum notes
B5: How to use this workbook
B6: 1. Log every paper trade in the 'Trade Log' tab, one row per trade.
B7: 2. Fill only the yellow cells (Entry, Stop, Target, Exit, and the descriptive fields). Everything else calculates automatically.
B8: 3. Use the 'Setup' dropdown — it's pulled directly from your Week 5/6 curriculum setups so every trade is tagged to a taught pattern.
B9: 4. Check 'Stats & Progress' after each session — it tracks win rate, expectancy, profit factor, drawdown and rule adherence against your program's graduation targets.
B10: 5. Update 'Rule Adherence' honestly (Y/N) for every trade — 90%+ adherence is a graduation requirement, not optional.
B12: Column reference
B13: R-Multiple
B14: Profit or loss expressed as a multiple of initial risk: (Exit − Entry) / (Entry − Stop) for longs, reversed for shorts. This is how your course wants trades judged — by process/statistics, not raw dollars.
B15: Expectancy
... B26: The approved setups from Weeks 5-6 of your curriculum, so every trade log entry ties back to a taught pattern rather than an improvised one.

Sheet Trade Log
A1: Trade # | B1: Date | C1: Setup | D1: Ticker | E1: Direction | F1: Entry | G1: Stop | H1: Target | I1: Exit | J1: Shares | K1: $ Risked | L1: R-Multiple | M1: Outcome | N1: P&L ($) | O1: Rule Adherence (Y/N) | P1: Mistakes / Corrections | Q1: Notes / Screenshot Link
A2: =IF(D2="","",COUNTA($D$2:D2)) -> 1 | B2: 2026-08-27 | C2: Opening Range Breakout | D2: SPY | E2: Long | F2: 765.95 | G2: 764.8 | H2: 768.2 | I2: 767.5 | J2: 10 | K2: =IF(OR(F2="",G2="",J2=""),"",J2*ABS(F2-G2)) -> 11.5 | L2: =IF(OR(F2="",G2="",I2="",F2=G2),"",IF(E2="Short",(F2-I2)/(F2-G2),(I2-F2)/(F2-G2))) -> 1.3478261 | M2: =IF(L2="","",IF(L2>0.05,"Win",IF(L2<-0.05,"Loss","Breakeven"))) -> Win | N2: =IF(OR(L2="",K2=""),"",L2*K2) -> 15.5 | O2: Y | P2: None — followed plan exactly. | Q2: Example row — replace with your first real paper trade.
A3: =IF(D3="","",COUNTA($D$2:D3)) | K3: =IF(OR(F3="",G3="",J3=""),"",J3*ABS(F3-G3)) | L3: =IF(OR(F3="",G3="",I3="",F3=G3),"",IF(E3="Short",(F3-I3)/(F3-G3),(I3-F3)/(F3-G3))) | M3: =IF(L3="","",IF(L3>0.05,"Win",IF(L3<-0.05,"Loss","Breakeven"))) | N3: =IF(OR(L3="",K3=""),"",L3*K3)
A4: =IF(D4="","",COUNTA($D$2:D4)) | K4: =IF(OR(F4="",G4="",J4=""),"",J4*ABS(F4-G4)) | L4: =IF(OR(F4="",G4="",I4="",F4=G4),"",IF(E4="Short",(F4-I4)/(F4-G4),(I4-F4)/(F4-G4))) | M4: =IF(L4="","",IF(L4>0.05,"Win",IF(L4<-0.05,"Loss","Breakeven"))) | N4: =IF(OR(L4="",K4=""),"",L4*K4)
A5: =IF(D5="","",COUNTA($D$2:D5)) | K5: =IF(OR(F5="",G5="",J5=""),"",J5*ABS(F5-G5)) | L5: =IF(OR(F5="",G5="",I5="",F5=G5),"",IF(E5="Short",(F5-I5)/(F5-G5),(I5-F5)/(F5-G5))) | M5: =IF(L5="","",IF(L5>0.05,"Win",IF(L5<-0.05,"Loss","Breakeven"))) | N5: =IF(OR(L5="",K5=""),"",L5*K5)
A6: =IF(D6="","",COUNTA($D$2:D6)) | K6: =IF(OR(F6="",G6="",J6=""),"",J6*ABS(F6-G6)) | L6: =IF(OR(F6="",G6="",I6="",F6=G6),"",IF(E6="Short",(F6-I6)/(F6-G6),(I6-F6)/(F6-G6))) | M6: =IF(L6="","",IF(L6>0.05,"Win",IF(L6<-0.05,"Loss","Breakeven"))) | N6: =IF(OR(L6="",K6=""),"",L6*K6)
A7: =IF(D7="","",COUNTA($D$2:D7)) | K7: =IF(OR(F7="",G7="",J7=""),"",J7*ABS(F7-G7)) | L7: =IF(OR(F7="",G7="",I7="",F7=G7),"",IF(E7="Short",(F7-I7)/(F7-G7),(I7-F7)/(F7-G7))) | M7: =IF(L7="","",IF(L7>0.05,"Win",IF(L7<-0.05,"Loss","Breakeven"))) | N7: =IF(OR(L7="",K7=""),"",L7*K7)
A8: =IF(D8="","",COUNTA($D$2:D8)) | K8: =IF(OR(F8="",G8="",J8=""),"",J8*ABS(F8-G8)) | L8: =IF(OR(F8="",G8="",I8="",F8=G8),"",IF(E8="Short",(F8-I8)/(F8-G8),(I8-F8)/(F8-G8))) | M8: =IF(L8="","",IF(L8>0.05,"Win",IF(L8<-0.05,"Loss","Breakeven"))) | N8: =IF(OR(L8="",K8=""),"",L8*K8)
A9: =IF(D9="","",COUNTA($D$2:D9)) | K9: =IF(OR(F9="",G9="",J9=""),"",J9*ABS(F9-G9)) | L9: =IF(OR(F9="",G9="",I9="",F9=G9),"",IF(E9="Short",(F9-I9)/(F9-G9),(I9-F9)/(F9-G9))) | M9: =IF(L9="","",IF(L9>0.05,"Win",IF(L9<-0.05,"Loss","Breakeven"))) | N9: =IF(OR(L9="",K9=""),"",L9*K9)
A10: =IF(D10="","",COUNTA($D$2:D10)) | K10: =IF(OR(F10="",G10="",J10=""),"",J10*ABS(F10-G10)) | L10: =IF(OR(F10="",G10="",I10="",F10=G10),"",IF(E10="Short",(F10-I10)/(F10-G10),(I10-F10)/(F10-G10))) | M10: =IF(L10="","",IF(L10>0.05,"Win",IF(L10<-0.05,"Loss","Breakeven"))) | N10: =IF(OR(L10="",K10=""),"",L10*K10)
A11: =IF(D11="","",COUNTA($D$2:D11)) | K11: =IF(OR(F11="",G11="",J11=""),"",J11*ABS(F11-G11)) | L11: =IF(OR(F11="",G11="",I11="",F11=G11),"",IF(E11="Short",(F11-I11)/(F11-G11),(I11-F11)/(F11-G11))) | M11: =IF(L11="","",IF(L11>0.05,"Win",IF(L11<-0.05,"Loss","Breakeven"))) | N11: =IF(OR(L11="",K11=""),"",L11*K11)
A12: =IF(D12="","",COUNTA($D$2:D12)) | K12: =IF(OR(F12="",G12="",J12=""),"",J12*ABS(F12-G12)) | L12: =IF(OR(F12="",G12="",I12="",F12=G12),"",IF(E12="Short",(F12-I12)/(F12-G12),(I12-F12)/(F12-G12))) | M12: =IF(L12="","",IF(L12>0.05,"Win",IF(L12<-0.05,"Loss","Breakeven"))) | N12: =IF(OR(L12="",K12=""),"",L12*K12)
A13: =IF(D13="","",COUNTA($D$2:D13)) | K13: =IF(OR(F13="",G13="",J13=""),"",J13*ABS(F13-G13)) | L13: =IF(OR(F13="",G13="",I13="",F13=G13),"",IF(E13="Short",(F13-I13)/(F13-G13),(I13-F13)/(F13-G13))) | M13: =IF(L13="","",IF(L13>0.05,"Win",IF(L13<-0.05,"Loss","Breakeven"))) | N13: =IF(OR(L13="",K13=""),"",L13*K13)
A14: =IF(D14="","",COUNTA($D$2:D14)) | K14: =IF(OR(F14="",G14="",J14=""),"",J14*ABS(F14-G14)) | L14: =IF(OR(F14="",G14="",I14="",F14=G14),"",IF(E14="Short",(F14-I14)/(F14-G14),(I14-F14)/(F14-G14))) | M14: =IF(L14="","",IF(L14>0.05,"Win",IF(L14<-0.05,"Loss","Breakeven"))) | N14: =IF(OR(L14="",K14=""),"",L14*K14)
... A151: =IF(D151="","",COUNTA($D$2:D151)) | K151: =IF(OR(F151="",G151="",J151=""),"",J151*ABS(F151-G151)) | L151: =IF(OR(F151="",G151="",I151="",F151=G151),"",IF(E151="Short",(F151-I151)/(F151-G151),(I151-F151)/(F151-G151))) | M151: =IF(L151="","",IF(L151>0.05,"Win",IF(L151<-0.05,"Loss","Breakeven"))) | N151: =IF(OR(L151="",K151=""),"",L151*K151)

Sheet Setups Reference
A1: Setup | B1: Type | C1: Week Taught
A2: Trend Pullback | B2: Swing | C2: Week 5
A3: Consolidation Breakout | B3: Swing | C3: Week 5
A4: Relative Strength | B4: Swing | C4: Week 5
A5: Earnings Continuation | B5: Swing | C5: Week 5
A6: Failed Breakdown | B6: Swing | C6: Week 5
A7: Mean Reversion | B7: Swing | C7: Week 5
A8: Opening Range Breakout | B8: Intraday | C8: Week 6
A9: Opening Drive | B9: Intraday | C9: Week 6
A10: VWAP Reclaim | B10: Intraday | C10: Week 6
A11: VWAP Rejection | B11: Intraday | C11: Week 6
A12: First Pullback | B12: Intraday | C12: Week 6
... A16: Other / Discretionary (flag for review) | B16: N/A | C16: N/A
A18: Source: Weekly Curriculum table, Week 5 (Swing Trading Setups) and Week 6 (Intraday Trading Setups), from your course notes.

Sheet Stats & Progress
B2: Performance Stats
B3: Auto-calculated from the Trade Log — log trades there, this tab updates itself.
B6: Total trades logged | C6: =COUNTIF('Trade Log'!$D$2:$D$151,"?*") -> 1
B7: Wins | C7: =COUNTIF('Trade Log'!$M$2:$M$151,"Win") -> 1
B8: Losses | C8: =COUNTIF('Trade Log'!$M$2:$M$151,"Loss") -> 0
B9: Breakevens | C9: =COUNTIF('Trade Log'!$M$2:$M$151,"Breakeven") -> 0
B10: Win rate | C10: =IFERROR(C7/C6,0) -> 1
B11: Average win (R) | C11: =IFERROR(AVERAGEIF('Trade Log'!$M$2:$M$151,"Win",'Trade Log'!$L$2:$L$151),0) -> 1.3478261
B12: Average loss (R) | C12: =IFERROR(AVERAGEIF('Trade Log'!$M$2:$M$151,"Loss",'Trade Log'!$L$2:$L$151),0) -> 0
B13: Payoff ratio (avg win / avg |loss|) | C13: =IFERROR(C11/ABS(C12),0) -> 0
B14: Expectancy (R per trade) | C14: =IFERROR((C10*C11)+((1-C10)*C12),0) -> 1.3478261
B15: Gross profit ($) | C15: =SUMIF('Trade Log'!$N$2:$N$151,">0") -> 15.5
B16: Gross loss ($) | C16: =SUMIF('Trade Log'!$N$2:$N$151,"<0") -> 0
B17: Profit factor | C17: =IFERROR(C15/ABS(C16),0) -> 0
B18: Net P&L ($) | C18: =SUMIF('Trade Log'!$N$2:$N$151,">-999999999") -> 15.5
B19: Rule adherence rate | C19: =IFERROR(COUNTIF('Trade Log'!$O$2:$O$151,"Y")/(COUNTIF('Trade Log'!$O$2:$O$151,"Y")+COUNTIF('Trade Log'!$O$2:$O$151,"N")),0) -> 1
B21: Graduation Criteria (from your course notes)
B22: Criterion | C22: Target | D22: Current | E22: Met?
B23: 100-150+ documented simulated trades | C23: ≥ 100 | D23: =C6 -> 1 | E23: =IF(C6>=100,"Yes","Not yet") -> Not yet
B24: Positive expectancy over a meaningful sample | C24: > 0R | D24: =C14 -> 1.3478261 | E24: =IF(AND(C14>0,C6>=30),"Yes","Not yet") -> Not yet
B25: Profit factor above 1 | C25: > 1.00 | D25: =C17 -> 0 | E25: =IF(C17>1,"Yes","Not yet") -> Not yet
B26: At least 90% rule adherence | C26: ≥ 90% | D26: =C19 -> 1 | E26: =IF(C19>=0.9,"Yes","Not yet") -> Yes
